Создатель Node.js попросил Oracle сделать общедоступным товарный знак JavaScript;JavaScript *Патентование *История IT IT-компании ;"

Создатель Node.js и автор Deno Райан Даль в открытом письме попросил компанию Oracle сделать общедоступным товарный знак JavaScript. "; denis-19 ;6  сентября   в 13:29;https://habr.com/ru/news/t/686650/
Microsoft поддерживает добавление в JavaScript необязательного и стираемого синтаксиса типов;JavaScript *Программирование *TypeScript *;Microsoft поддержала предложение добавить в JavaScript необязательный и стираемый синтаксис типов, чтобы сделать язык TypeScript быстрее и проще в использовании.; maybe_elf ;15  марта   в 13:47;https://habr.com/ru/news/t/655749/
В «Джеймсе Уэббе» используется ПО на движке JavaScript 20-летней давности;JavaScript *Научно-популярное Астрономия ;В системе управления космического телескопа «Джеймс Уэбб» обнаружили ПО Script Processor (SP, обработчик сценариев) на движке JavaScript 20-летней давности, передаёт портал The Verge. Это ПО управляет модулем ISIM (Integrated Science Instrument Module) с научными приборами NIRCam, NIRSpec, MIRI и FGS-NIRISS. SP запускает определённые скрипты на JS, когда на это поступает соответствующая команда. В свою очередь для написания команд используется SDK Nombas ScriptEase 5.00e. Пакет получал последнее обновление в 2003 году, после чего Nombas обанкротилась. Кроме того, сам SP написан на C++.; ancotir ;22  августа   в 01:56;https://habr.com/ru/news/t/683818/
Linux Foundation запустил «перезагрузку» JavaScript-сообщества;Open source *JavaScript *Node.JS *;"

Linux Foundation объявила о масштабном проекте по поддержке JS-сообщества. Новая организация JS Foundation (бывший jQuery Foundation) станет площадкой для сотрудничества и развития открытых проектов, связанных с использованием языка JavaScript. Целью проекта также является продвижение высококачественных стандартов разработки как серверных, так и клиентских JS-проектов. 

Руководство нового организации также будет опираться на стандарты W3C, WHATWG, и ECMA TC39, которые приняты разработчиками и вендорами во всем мире.

Более того, JS Foundation запускает программу наставничества (Mentorship Program), которая как раз поможет достичь поставленных целей: она позволит укрепить сообщество и активизировать сотрудничество между JS-разработчиками. "; semen_grinshtein ;18  октября  2016 в 13:54;https://habr.com/ru/news/t/313000/
Завершён перевод «Современного учебника JavaScript»;Разработка веб-сайтов *JavaScript *Программирование *Профессиональная литература *;"Многие разработчики изучали JavaScript по известному учебнику Ильи Кантора — learn.javascript.ru. Однако до недавнего времени в нём была недостаточно современная информация: учебник развивался, но на английском языке. Он доступен по адресу javascript.info. Несколько месяцев мы занимались переводом этого учебника на русский язык, и сегодня я рад анонсировать перевод — он опубликован на learn.javascript.ru. Так что теперь самая современная версия учебника доступна и на английском, и на русском.

Теперь в учебнике используется современный стандарт языка ES 2019 и учтены некоторые stage 3 proposals (они помечены в тексте).

Вот некоторые хабрапользователи, которые принимали активное участие в переводе:


iliakan
kichik91
dandgerson
lex111
gorborborgor
nglazov
MrShtein
alfill

Разумеется, это только небольшая часть команды. Все, кто сделал вклад от 10 строк, перечислены прямо на сайте учебника."; aruseni ;7  августа  2019 в 02:40;https://habr.com/ru/news/t/462791/
Google выпустила патч для Chrome 99, который устраняет уязвимость нулевого дня в JavaScript-движке V8;Информационная безопасность *JavaScript *Google Chrome Браузеры ;Google выпустила внеочередное обновление Chrome 99.0.4844.84 для Windows, macOS и Linux. В нем компания устранила уязвимость нулевого дня, которая эксплуатировалась злоумышленниками. Она получила номер CVE-2022-1096 и связана с отсутствием проверки типов объектов JavaScript-движком Chrome V8.; maybe_elf ;28  марта   в 12:04;https://habr.com/ru/news/t/657751/
Cloudflare: библиотеки JavaScript практически никогда не обновляются после установки;Разработка веб-сайтов *JavaScript *Программирование *jQuery *Исследования и прогнозы в IT *;"

Cloudflare, американская компания, которая предоставляет услуги CDN и защиту от DDoS-атак, опубликовала пост на своём сайте с результатами анализа частоты обновления библиотек Javascript, используемых на сайтах. Для этого эксперты компании собрали данные из запросов сети доставки контента CDNJS."; AnnieBronson ;29  января  2020 в 14:02;https://habr.com/ru/news/t/486068/
Google Chrome начнет блокировать JavaScript-редирект по кликам на ссылки;Информационная безопасность *JavaScript *Google Chrome Браузеры ;"

В Google Chrome появится новая функция безопасности при переходе по ссылкам, которые открывают URL-адреса в новом окне или вкладке. Она будет блокировать попытки использовать JavaScript для перенаправления пользователя на вредоносную страницу."; maybe_elf ;11  ноября  2020 в 12:56;https://habr.com/ru/news/t/527480/
В EPAM Anywhere стартовал JavaScript Hiring Sprint;Блог компании EPAM JavaScript *;Команда EPAM Anywhere приглашает JavaScript специалистов уровня Middle/Senior/Lead и Architect с опытом работы от 2 лет, английским В1+ и знанием Cloud (AWS, Azure, GCP) принять участие в JavaScript Hiring Sprint. Заявки принимаются с 6 по 17 декабря.; vesyolkinaolga ;6  декабря  2021 в 21:26;https://habr.com/ru/company/epam_systems/news/t/593779/
EPAM Anywhere приглашает на JavaScript Hiring Sprint;Блог компании EPAM JavaScript *;Мы приглашаем JavaScript специалистов уровня Middle/Senior/Lead и Architect с опытом работы от 2 лет, английским В1+ и знанием Cloud (AWS, Azure, GCP) принять участие в JavaScript Hiring Sprint.Вы можете получить оффер в течение 48 часов после прохождения интервью и бонус, когда станете частью нашей команды.  ; vesyolkinaolga ;14  февраля   в 21:43;https://habr.com/ru/company/epam_systems/news/t/651547/
Facebook и Google выпустили Yarn, новый менеджер пакетов для JavaScript;JavaScript *Программирование *;"

Вчера вечером Facebook официально анонсировала новый пакетный менеджер для JavaScript под названием Yarn. На одной из стадии разработки к проекту подключились компании Google, Exponent и Tilde.

«Самый популярный менеджер пакетов JavaScript — это NPM. Он обеспечивает доступ более чем к 300 тысячам пакетов. Используют его более 5 миллионов разработчиков, а ежемесячно к нему обращаются для загрузки более 5 миллиардов раз. 

Мы успешно использовали NPM в Facebook в течение многих лет, но так как объем нашего кода и число разработчиков выросло, мы столкнулись с проблемами последовательности, безопасности и производительности. После попытки решить все эти вопросы, мы пришли к намерению создать собственное решение, чтобы обеспечить надежность управления разработкой. Итогом этой работы стал Yarn — быстрая, надежная и безопасная альтернатива клиенту NPM», — говорится в официальном блоге Facebook о новинке.
"; ragequit ;12  октября  2016 в 16:57;https://habr.com/ru/news/t/312458/
Обновление Chrome обещает увеличить срок работы от батареи на 20% путём оптимизации JavaScript в фоновых вкладках;Браузеры Ноутбуки IT-компании ;"

В начале июля 2020 года, согласно информации портала TheWindowsClub, в тестовой сборке Google Chrome появилась функция продления работы ноутбука от батарей. Разработчики внесли в настройки браузера возможность пользователю ограничивать выполнение сценариев JavaScript на страницах для фоновых вкладок. Например, не больше одного срабатывания в минуту, как в это сейчас сделано в Safari. Таким образом, Google старается минимизировать свое отставание по энергопотреблению в своем браузере, чтобы быть по этому показателю на уровне программных решений от Apple и Microsoft."; denis-19 ;6  июля  2020 в 14:35;https://habr.com/ru/news/t/509780/
Excel получает новый JavaScript API для разработчиков;JavaScript *Java *Софт IT-компании ;На конференции Microsoft Ignite 3 ноября 2021 года компания объявила, что теперь в новом Excel разработчики смогут создавать пользовательские типы данных и функции на их основе. Это станет возможным с помощью нового API JavaScript. Раньше в Microsoft Excel разрешалось использовать только два типа данных: текст и цифры.; IgnatChuker ;3  ноября  2021 в 22:37;https://habr.com/ru/news/t/587304/
5 апреля Слёрм проведёт открытый урок «Первый код на JavaScript»;Блог компании Southbridge ;Всего за час вы научитесь создавать галереи на JavaScript и овладеете востребованным навыком. Будет полезно тем, кто уже в IT, но хочет расширить компетенции в сторону клиентской части. В теорию и практику вы погрузитесь вместе с Заром Захаровым.Пару слов о спикере:—15 лет в разработке.—Работал и с маленькими проектами, и с гигантами уровня «Альфа-Банка» и «Тинькофф».—Сейчас пишет на React в Grid Dynamics.По образованию Зар преподаватель. Ученики говорят, чего его особенность — объяснять сложные вещи просто и емко. Прямо на уроке Зар покажет, как написать галерею на JS, и ответит на ваши вопросы.Начинаем 5 апреля в 17:00 по мск.Узнать больше и зарегистрироваться ; edeshina ;30  марта   в 21:14;https://habr.com/ru/company/southbridge/news/t/658287/
Bun: новый рантайм для JavaScript;JavaScript *Node.JS *;На днях произошёл релиз публичной беты. Давайте разберёмся, что такое и чем интересен Bun.; afrokick ;10  июля   в 11:17;https://habr.com/ru/news/t/676102/
Kha vs HTML5: Компилируем JavaScript в C++;Haxe *;"Предлагаю вашему вниманию перевод доклада Роберта Конрада с прошедшего в октябре прошлого года HaxeUp Sessions 2019 Linz. Данный доклад посвящен процессу портирования на консоли игры CrossCode, изначально написанной на HTML5. Если вам понравится перевод, то рекомендую также посмотреть его в оригинале на английском — Роберт очень веселый человек, постоянно шутит и его интересно слушать.

Немного об авторе: Роберт работает программистом в Deck13, одной из немногих игровых компаний, использующих свои собственные технологии (именно поэтому Роберт и выбрал эту компанию). В основном его работа связана с оптимизацией (например, недавно выпущенной игры Surge 2)."; Zaphy ;26  февраля  2020 в 09:46;https://habr.com/ru/post/489974/
Решил 50 задач и ответил на вопрос — Python или JavaScript?;Блог компании Timeweb Cloud Python *JavaScript *Программирование *;"

Привет, друзья!
Я — JavaScript-разработчик. Код пишу в основном на React (иногда на Vue), немного на TypeScript, немного на Node, немного знаю SQL, но...

со мной работает много людей, которые пишут код на Python
вокруг много разговоров про Python
повсюду преподают Python
Яндекс любит Python (раньше Гугл тоже его любил, но теперь у него есть Go)

Короче говоря, сложно было не заинтересоваться Python.
Как известно, лучший способ научиться ""кодить"" — это писать код.
Предлагаю вашему вниманию 50 популярных в сфере программирования задач, решенных с помощью Python и JavaScript.
Цель — сравнить языки на предмет предоставляемых ими возможностей.
Задачки не очень сложные, хотя имеется парочка из категории продвинутых.
Предполагается, что вы владеете хотя бы одним из названных языков на среднем уровне."; aio350 ;21  сентября  2021 в 10:50;https://habr.com/ru/company/timeweb/blog/579080/
JavaScript выходит за пределы Web в 2014 году;JavaScript *;"Перевод статьи Патрика Катанзарити, оригинал можно найти здесь. 

JavaScript, эволюционируя, шагнул далеко вперёд от своей изначальной роли в DHTML сайтах 90х гг. Он быстро занимает лидирующую позицию как кандидат на роль универсального языка для Интернета Вещей (Internet of Things). И хотя ещё слишком рано рассуждать о том, одержит ли JavaScript победу в этом состязании, я верю, что ему определённо отведена важная роль в постоянно растущем пространстве Интернета Вещей. 

В прошлом году я написал обзор о технологиях, которые могут всерьёз заинтересовать JavaScript разработчиков – JavaScript Beyond the Web. С тех пор появилось много новых устройств и возможностей, поэтому я хочу написать обзор об изменениях, произошедших в мире JavaScript и среди взаимосвязанных устройств в течение 2014 года.

Перечень устройств, способных взаимодействовать посредством JavaScript, растёт с каждым месяцем. У нас появились как официальные JavaScript API, выпущенные производителями устройства, так и продукты усилий сообщества, ориентированные на то, чтобы возможности JavaScript стали доступными и для других. 
"; Elusive_Dream ;1  декабря  2014 в 13:38;https://habr.com/ru/post/244651/
Тренды JavaScript на 2015 год;Блог компании Microsoft Разработка веб-сайтов *JavaScript *TypeScript *;"

Всем привет! Мы как-то задумали сделать легкий вводный курс на тему JavaScript и разработки приложений (он, кстати, скоро будет опубликован): и, пока я собирал материалы к нему, как-то само собой выяснилось, что есть довольно много вещей, которые, так сказать, находятся на переднем крае развития JavaScript. Отсюда родилась идея сделать отдельную обзорную статью в жанре «X трендов на год Y по технологии Z». 

Многие из тех, вещей, которые я буду описывать, можно попробовать в той или иной степени уже сегодня (собственно, иначе я бы говорил о космическом будущем, а не о трендах). В этом есть несомненный плюс: если у вас будет свободное время (а на праздниках его обычно много), вам будет чем заняться. Да и, в целом, хорошо начинать новый год с расширения своих горизонтов!"; kichik ;2  января  2015 в 17:29;https://habr.com/ru/company/microsoft/blog/247229/
JavaScript выходит за пределы Web в 2015 году;JavaScript *Программирование микроконтроллеров *Разработка для интернета вещей *;"2015 год был значимым годом для Интернета вещей. Мы увидели огромный прогресс в размере и возможностях устройств, большие игроки, такие как Microsoft и Samsung, в буквальном смысле продвигаются в космос и всё IoT сообщество начинает ещё больше разрастаться. В течение двух последних лет здесь, на SitePoint, для меня стало чем-то в роде традиции делать обзор года в ракурсах IoT и JavaScript (см. JavaScript выходит за пределы Web и JavaScript выходит за пределы Web в 2014). Хотя изначальная популярность и ажиотаж вокруг JavaScript, как языка для IoT, похоже немного поутихли за 2015 год, JavaScript всё ещё продолжает позиционироваться как довольно-таки сильный способ для задействования магии на большем числе IoT платформ, чем это себе представляют люди. 

В этом обзоре мы рассмотрим некоторые значимые продвижения в IoT, которые раскрывают новые возможности для JavaScript разработчиков и будущий потенциал JavaScript за пределами Web.
"; Elusive_Dream ;19  августа  2016 в 18:34;https://habr.com/ru/post/281342/
Правда о традиционных JavaScript-бенчмарках;Блог компании VK Высокая производительность *JavaScript *Клиентская оптимизация *Тестирование веб-сервисов *;"

Пожалуй, будет достаточно справедливо сказать, что JavaScript — самая важная современная технология в разработке программного обеспечения. Для многих из тех, кто изучал языки программирования, компиляторы и виртуальные машины, всё ещё удивителен тот факт, что при всей своей элегантности с точки зрения структуры языка JavaScript не слишком хорошо оптимизируем с точки зрения компилирования и не может похвастаться замечательной стандартной библиотекой. В зависимости от того, кто ваш собеседник, вы можете неделями перечислять недоработки в JavaScript и всё равно обнаружите какую-то странность, о которой ещё не слышали. Но несмотря на очевидные недостатки, сегодня JavaScript является ключевой технологией в вебе, идет к доминированию в серверной/облачной сфере (благодаря Node.js), а также проникает в интернет вещей.
"; AloneCoder ;26  декабря  2016 в 15:55;https://habr.com/ru/company/vk/blog/318282/
Краткая история JavaScript. Часть 1;Блог компании Лайв Тайпинг Разработка веб-сайтов *JavaScript *Браузеры ;"Отдел фронтенд-разработки компании Лайв Тайпинг перевёл для читателей Хабра большой материал о зарождении, развитии и перспективах языка JavaScript, вышедший в блоге сервиса Auth0. Сегодня мы публикуем первую часть перевода. Соперничество Netscape и Mosaic, грёзы об интерактивном вебе, язык программирования для не-программистов, переход от классов к прототипам и что общего между JavaScript и ECMAScript (спойлер: всё).

Краткая история JavaScript. Часть 2
Краткая история JavaScript. Часть 3


"; octob3rmut3 ;17  марта  2017 в 16:41;https://habr.com/ru/company/livetyping/blog/324196/
The Better Parts: доклад Дугласа Крокфорда о JavaScript и языках программирования будущего с конференции .concat() 2015;Блог компании JUG Ru Group JavaScript *;"Кто знает о JS больше, чем один из его «отцов»? На HolyJS 2017 Piter приедет легендарный Дуглас Крокфорд, создатель JSON и автор множества инструментов JavaScript. В преддверии его выступлений в Петербурге публикуем перевод его выступления на .concat() 2015: The Better Parts — о том как использовать существующие языки программирования более эффективно и каким будет язык программирования будущего. Хотя с момента выступления прошло более года, доклад коснулся ряда «вечных» вопросов программирования, которые, мы уверены, будут актуальны и через 3-5 лет.


"; real_ales ;25  апреля  2017 в 13:45;https://habr.com/ru/company/jugru/blog/327320/
JavaScript как мыслевирус;JavaScript *Node.JS *;Вообще я стараюсь не писать статьи и комментарии не на технические темы, но коль скоро появились не совсем технические по духу статьи «JavaScript как явление» и «JavaScript как праздник», я счел нужным принять участие в дискуссии.; pnovikov ;5  августа  2017 в 22:28;https://habr.com/ru/post/334964/
Объясняем современный JavaScript динозавру;Блог компании VK Разработка веб-сайтов *JavaScript *Node.JS *Системы сборки *;"
Если вы не изучали JavaScript с самого начала, то осваивать его современную версию сложно. Экосистема быстро растёт и меняется, так что трудно разобраться с проблемами, для решения которых придуманы разные инструменты. Я начал программировать в 1998-м, но начал понимать JavaScript только в 2014-м. Помню, как просматривал Browserify и смотрел на его слоган:
Browserify позволяет делать require («модули») в браузере, объединяя все ваши зависимости
Я не понял ни слова из предложения и стал разбираться, как это может помочь мне как разработчику.
Цель статьи — рассказать о контексте, в котором инструменты в JavaScript развивались вплоть до 2017-го. Начнём с самого начала и будем делать сайт, как это делали бы динозавры — безо всяких инструментов, на чистом HTML и JavaScript. Постепенно станем вводить разные инструменты, поочерёдно рассматривая решаемые ими проблемы. Благодаря историческому контексту вы сможете адаптироваться к постоянно меняющемуся ландшафту JavaScript и понять его."; AloneCoder ;27  октября  2017 в 14:47;https://habr.com/ru/company/vk/blog/340922/
Чем отличаются JavaScript и ECMAScript?;Блог компании NIX JavaScript *Программирование *;"Перевод What’s the difference between JavaScript and ECMAScript?

Как-то мы попробовали гуглить «различие между JavaScript и ECMAScript».

В итоге пришлось пробираться сквозь море двусмысленных и, казалось бы, противоречивых результатов:

«ECMAScript — это стандарт».
«JavaScript — это стандарт».
«ECMAScript — это спецификация».
«JavaScript — это реализация стандарта ECMAScript».
«ECMAScript — стандартизованный JavaScript».
«ECMAScript — это язык».
«JavaScript — это диалект ECMAScript».
«ECMAScript — это JavaScript».


Сдерживая желание заплакать, мы постарались овладеть собой и провели трудоемкое, но продуктивное исследование.

В этой статье представлено наше понимание различий между JavaScript и ECMAScript. Статья написана для тех, кто знаком с JavaScript, но хочет получить более четкое представление о его взаимоотношениях с ECMAScript, веб-браузерами, Babel и так далее. Вы также узнаете о скриптовых языках, движках JavaScript и средах выполнения JavaScript.

Ну что, погнали."; NIX_Solutions ;22  ноября  2017 в 10:31;https://habr.com/ru/company/nix/blog/342904/
Цена JavaScript в 2018 году;Блог компании RUVDS.com Разработка веб-сайтов *JavaScript *Клиентская оптимизация *;"Процесс работы пользователей с интерактивными веб-сайтами может включать в себя шаг отправки им JavaScript-кода. Часто — слишком большого объёма такого кода. Если на сайте используется очень много JavaScript, это особенно сильно сказывается на мобильных пользователях. Например, вам случалось бывать на мобильных веб-страницах, которые, вроде бы, выглядят как уже готовые к работе, но не реагируют на щелчки по ссылкам или на попытки прокрутить страницу?


JavaScript-код, который попадает в мобильные браузеры, всё ещё остаётся самым дорогостоящим ресурсом, так как он, многими способами, может задержать переход страниц в состояние, в котором с ними можно взаимодействовать. Какую нагрузку на системы создаёт JavaScript в наши дни? Как анализировать сайты? Как ускорить загрузку и обработку браузерами интерактивных веб-страниц? Эдди Османи, перевод материала которого мы сегодня публикуем, решил найти ответы на эти и на многие другие вопросы, встающие перед теми, кто пользуется JavaScript для разработки веб-сайтов в 2018 году."; ru_vds ;6  августа  2018 в 12:15;https://habr.com/ru/company/ruvds/blog/419369/
Почему человек из мира Java стал горячим сторонником Node.js и JavaScript?;Блог компании RUVDS.com Разработка веб-сайтов *JavaScript *Java *Node.JS *;"Дэвид Хэррон, автор материала, перевод которого мы публикуем сегодня, задался следующим вопросом: «Должен ли человек, работавший более 10 лет в Sun Microsystems, в команде Java SE, до последнего вздоха думать лишь о байт-коде Java и создавать экземпляры абстрактных интерфейсов?». Он задавал этот вопрос применительно к себе, и для него платформа Node.js, после Java, оказалась подобна глотку свежего воздуха. Дэвид говорит, что когда он был уволен из Sun в январе 2009 года (прямо перед поглощением этой компании Oracle), он узнал о Node.js. Эта технология его зацепила. Что значит «зацепила»? С 2010-го года он много писал о программировании для Node.js. А именно, написал несколько книг, в том числе — «Node.js Web Development», четвёртое издание которой вышло в этом году. Он подготовил множество небольших материалов о Node.js, опубликованных в интернете. Фактически, он уделил очень много времени и сил, рассказывая о платформе Node.js и о возможностях JavaScript. Почему того, кто раньше занимался исключительно Java, так увлекли Node.js и JavaScript?

"; ru_vds ;31  августа  2018 в 11:11;https://habr.com/ru/company/ruvds/blog/421741/
JavaScript — лучший язык программирования для начинающих. Так это или нет?;Блог компании RUVDS.com Разработка веб-сайтов *JavaScript *;"JavaScript, несмотря на его многочисленные недостатки, возможно, является самым лучшим языком программирования для начинающих разработчиков, и лучшим языком, с которым могут повозиться дети.


Шёл 2007 год. Отличное издательство технических книг O’Reilly Media обратилось ко мне, предложив одну идею. Они спросили меня о том, хотел бы я написать книгу о JavaScript, которая предназначалась бы для абсолютных новичков в программировании. «С какой стати?», — тут же задал я встречный вопрос."; ru_vds ;29  марта  2019 в 12:00;https://habr.com/ru/company/ruvds/blog/445272/
Почему JavaScript пожирает HTML: примеры кода;Блог компании RUVDS.com Разработка веб-сайтов *JavaScript *Программирование *HTML *;"Веб-разработка постоянно развивается. В последнее время стал популярным один тренд, который в основном противоречит общепринятому представлению о том, как нужно разрабатывать веб-приложения. Некоторые возлагают на него большие надежды, а другие испытывают разочарование. У каждого на это есть свои причины, которые в двух словах объяснить достаточно трудно.



Код веб-страницы традиционно состоит из трех разделов, каждый из которых выполняет свои обязанности: HTML-код определяет структуру и семантику, CSS-код определяет внешний вид, а JavaScript-код определяет его поведение. В командах с участием дизайнеров, HTML / CSS разработчиков и JavaScript-разработчиков это разделение получается естественно: дизайнеры определяют визуальные элементы и пользовательский интерфейс, разработчики HTML и CSS размещают эти визуальные элементы на странице в браузере, а JavaScript-разработчики добавляют взаимодействие с пользователем, чтобы связать все вместе и «заставить это работать». Каждый может работать над своими задачами, не вмешиваясь в код остальных двух категорий разработчиков. Но все это справедливо для так называемого «старого стиля»."; owlnagi ;19  марта  2020 в 12:43;https://habr.com/ru/company/ruvds/blog/492754/
JavaScript исполнилось 25 лет;Блог компании RUVDS.com Разработка веб-сайтов *JavaScript *История IT ;"4 декабря 2020 года JavaScript исполнилось 25 лет. Автор материала, перевод которого мы сегодня публикуем, Даниэль Адамс, говорит, что этот язык повлиял на её карьеру, а так же — на профессиональную деятельность многих программистов. JavaScript повлиял и на то, как обычные люди со всего мира пользуются веб-сайтами. Даниэль предлагает отпраздновать 25-летие JavaScript, вспомнив о 25 заметных событиях, которые сделали экосистему, сложившуюся вокруг этого языка, такой, какой она стала в наши дни.

"; ru_vds ;21  декабря  2020 в 12:12;https://habr.com/ru/company/ruvds/blog/534104/
Сочиняя ПО: Почему стоит изучать ФП на JavaScript?;JavaScript *Функциональное программирование *;"Эта статья - часть серии статей ""Составляя ПО"" про функциональное программирование и различные техники создания программ на JavaScript ES6+, начиная с азов.  Предыдущая часть: Сочиняя ПО: Введение / ХабрЗабудьте все, что вы знали о JavaScript, и постарайтесь воспринять эту статью так, будто вы начинающий программист. Чтобы помочь вам, мы рассмотрим JavaScipt начиная с самых основ, так, как будто вы никогда не видели JavaScript. Ну а если вы начинающий, то вам повезло. Наконец-то попробуем изучить ES6 и функциональное программирование с нуля! К счастью, все новые концепты будут изучены по ходу дела - но не рассчитывайте слишком уж сильно на это.  "; nixxa ;16  апреля  2021 в 01:51;https://habr.com/ru/post/552674/
Nginx + серверный Javascript;Nginx *;"… или как перейти с PHP + JavaScript на JavaScript + JavaScript
Идея реализовать проект на сервер-сайд JavaScript была уже давно. Проблема была в отсутствии подходящего серверного программного обеспечения. Существующие открытые проекты не устраивали по разным причинам. Устанавливать дополнительный модуль для Apache было не самой хорошей идеей, потому что производительность и оптимизация использования памяти при этом были бы не на высоте. С помощью jslibs можно настроить FastCGI, но очень не хотелось оставлять ни малейших шансов «502 Bad Gateway», проект ngx_http_js_module так и остался в зачаточной стадии, а ngxv8 недостаточно развит для реализации реальных приложений. Поэтому я решил сделать собственную реализацию серверного javascript. Причем постараться сразу запрограммировать всю базовую функциональность, чтобы можно было ее тестировать в условиях, близких к реальности.

В качестве основного веб-сервера было решено использовать nginx, в качестве «движка» javascript — TraceMonkey (javascript-движок из Mozilla Firefox, бывший SpiderMonkey), и написать модуль для nginx, который бы их «склеил». Ничего сложного, на первый взгляд, но очень хотелось иметь определенную функциональность (и это получилось!), чтобы можно было нормально работать дальше. Большинство идей заимствованы, кстати, из PHP.
Корректная работа в multi-thread условиях
Возможность выполнять скрипт, указанный в URL, а не настраивать отдельно скрипт-обработчик и функцию-обработчик для каждого location
Возможность вызывать include(), sleep(), alert() из скрипта, использовать __FILE__ и __LINE__
Ограничение памяти, выделяемой каждому скрипту, и времени работы скрипта
Защита открываемых скриптом файлов, указав в настройках список разрешенных папок. Примерно как open_basedir в PHP
Автоматический разбор данных запроса (параметров GET, POST, и, конечно же, cookies), чтобы не писать обработку данных на javascript
Поддержка запросов application/x-www-form-urlencoded и multipart/form-data
Поддержка basic-авторизации
Работа с базами данных (в первую очередь, MySQL и SQLite)
Работа с файловой системой: чтение и запись файлов, проверка существования файлов, и т.п.
Кэширование байт-кода скриптов, как, например, в eAccelerator
Плюс некоторые другие возможности (инструменты для шаблонизации, для создания конфигурационных файлов, и т.п.), но их в основной список я не включил — их позволяют сделать языковые возможности TraceMonkey.

От слов — к делу! Как скомпилировать и настроить, как протестировать и сравнить...

"; FrolovS ;29  января  2010 в 17:22;https://habr.com/ru/post/82511/
Что почитать, чтобы повысить свой уровень JavaScript;JavaScript *;"От переводчика: Я думаю многие читали статью Rey Bango — What to Read to Get Up to Speed in JavaScript, но до хабра обсуждение так и не докатилось. Предлагаю закрыть этот пробел и поговорить о хороших книгах, блогах, тренингах и конференциях, посвященных в первую очередь клиентскому JavaScript и клиентской веб-разработке. Чтобы не копипастить оформляю статью в виде перевода.

Сейчас в рассылке JSMentors JavaScript идет обсуждение книг, который стоит прочитать, чтобы улучшить свои знания. Там было много позитивных отзывов и предложений. Я хочу показать вам те книги и интернет-ресурсы, который я считаю важными и которые помогут вам в обучении. На этой странице я перечислил большое количество источников, разделенных по уровням.

Учтите, что некоторый ресурсы могут принадлежать нескольким уровням и охватывают широкие аспекты языка. Если вы считаете, что я что-то упустил, пожалуйста, дополните меня в комментариях.

Не заставляю вас читать все книги, которые предложены ниже. Эти книги я читал на протяжении многих лет и почерпнул в каждой много полезного. Я их распределяю по категориям, чтобы вам было проще работать с ними. Выберите книги, которые подходят вам.
"; azproduction ;20  апреля  2011 в 16:25;https://habr.com/ru/post/117838/
Понимание ООП в JavaScript [Часть 1];Блог компании Enterra JavaScript *ООП *;" — Прототипное наследование — это прекрасно
JavaScript — это объектно-ориентированный (ОО) язык, уходящий корнями в язык Self, несмотря на то, что внешне он выглядит как Java. Это обстоятельство делает язык действительно мощным благодаря некоторым приятным особенностям.

Одна из таких особенностей — это реализация прототипного наследования. Этот простой концепт является гибким и мощным. Он позволяет сделать наследование и поведение сущностями первого класса, также как и функции являются объектами первого класса в функциональных языках (включая JavaScript).

К счастью, в ECMAScript 5 появилось множество вещей, которые позволили поставить язык на правильный путь (некоторые из них раскрыты в этой статье). Также будет рассказано о недостатках дизайна JavaScript и будет произведено небольшое сравнение с классической моделью прототипного ОО (включая его достоинства и недостатки).
"; DreamWalker ;5  октября  2012 в 07:03;https://habr.com/ru/company/enterra/blog/153365/
Особенности работы или «За что я люблю JavaScript»: Замыкания, Прототипирование и Контекст;JavaScript *;"Зародившись как скриптовый язык в помощь веб-разработчикам, с дальнейшим развитием JavaScript стал мощным инструментом разработки клиентской части, обеспечивающий удобство и интерактивность страницы прямо в браузере у пользователя. 

Из-за специфичности среды и целей, JavaScript отличается от обычных языков программирования, и имеет множество особенностей, не понимая которые, довольно сложно написать хороший кроссбраузерный код.

Думаю, что большинство программистов, писавших код на JavaScript больше пары дней, сталкивались с этими особенностями. Цель данного топика не открыть что-то новое, а попытаться описать эти особенности «на пальцах» и «недостатки» сделать «преимуществами».

В данном топике будут рассматриваться:


Замыкания
Прототипирование
Контекст выполнения

"; Gromo ;7  мая  2013 в 23:51;https://habr.com/ru/post/178133/
Прошлое и будущее компиляции JavaScript;JavaScript *;"Сейчас мы воспринимаем как должное быстрое выполнение js-кода в браузерах, и с каждым днем становится все больше вдохновляющих примеров того, что можно реализовать с помощью JS. Но так было далеко не всегда. В этой статье поговорим о JS-движках, отвечающих за компиляцию кода в браузерах, об их историческом пути ускорения и возможных будущих путях. 

Первым движком, интерпретирующим js-код стал SpiderMonkey, который был представлен в браузере Netscape 2.0 в 1995 г. Миф о его быстром создании хорошо задокументирован. У Брендана Айка было всего 10 дней на дизайн языка и построение компилятора. Javascript был успешен с самого начала, и к августу того же кода Майкрософт уже встроила свою версию JScript в Internet Explorer 3.0. К концу 1996 язык был принят в комиссию для формальной стандартизации, и уже в июне следующего года обрел официальный стандарт ECMA-262. С тех пор поддержка JS стала обязательно для каждого браузера, и каждый крупный производитель начал строить свой движок для поддержки JS. В течение долгих лет эти движки развивались, заменяли друг друга, переименовывались, и становились основой для следующих движков. Отследить все созданные версии — задача не для слабых духом. 
"; Elizavetta ;10  июня  2013 в 17:27;https://habr.com/ru/post/182802/
Init.js: Зачем и как разрабатывать с Full-Stack JavaScript;JavaScript *Node.JS *MongoDB *;"История
Итак, у вас и у вашего партнера появилась замечательная бизнес-идея. Верно? Вы постоянно добавляете в уме все новые и новые возможности. Вы регулярно спрашиваете у потенциальных клиентов их мнение, и все они без ума от вашей идеи.

Окей, значит людям это нужно. На этом можно даже заработать денег. И единственная причина, по которой люди до сих пор этим не пользуются: вы не реализовали свою идею. Пока не реализовали.

И наконец, в один прекрасный день вы решили: “Сделаем это!”. И вот вы уже пытаетесь разобраться как реализовать бизнес-логику своего приложения, ту киллер-фичу, которая будет двигать продукт вперед. У вас есть идея как это сделать, и вы знаете, что способны на это. И вот вы говорите: “Готово! Работает!” У вас есть успешный прототип! Осталось только упаковать его в веб приложение.

“Окей, сделаем сайт,” говорите вы.

А только потом вы понимаете, что для этого нужно выбрать язык программирования; нужно выбрать (современную) платформу; нужно выбрать какие-то (современные) фреймворки; нужно настроить (и купить) хранилище, базы данных и хостинг; нужно обеспечить интерфейс для администрирования; нужно обеспечить контроль доступа и систему управления контентом.

Перед вами десятки и десятки архитектурных решений, которые необходимо принять. И вы не хотите ошибиться: требуются технологии, которые позволят вести быструю разработку, поддерживают постоянные итерации, максимальную эффективность, скорость, устойчивость и многое другое. Вы хотите быть бережливым (lean) и гибким (agile). Вы хотите использовать технологии, которые помогут вам быть успешным как в краткосрочной, так и в долгосрочной перспективе. А выбрать их далеко не всегда так просто. 

“Я перегружен”, говорите вы и чувствуете себя перегруженным. Энергия уже не та, что была в начале. Вы пытаетесь собраться с мыслями, но работы слишком много. Прототип медленно блекнет и умирает.
"; freetonik ;20  февраля  2014 в 10:33;https://habr.com/ru/post/213265/
Вы до сих пор не любите JavaScript?;Разработка веб-сайтов *JavaScript *;"С началом эпохи HTML5, рынку понадобилось большое количество JavaScript программистов. Многие специалисты по другим языкам, начали массово переориентироваться на JavaScript. Я много раз видел, как программисты с большим опытом ругали этот, один из самых гибких и могучих, язык, не понимая его принципов. В этой статье я постараюсь рассказать суть и философию JavaScript. Здесь будет всего 4 строчки кода и много-много того, что не напишут в учебниках. Обещаю, что вы полюбите этот язык, или по крайней мере, станете эффективнее в нём. Итак, поехали!
"; rboots ;27  февраля  2014 в 16:51;https://habr.com/ru/post/214087/
JavaScript для профессиональных веб-разработчиков;Блог компании Издательский дом «Питер» JavaScript *Профессиональная литература *;"Доброго времени!
У нас вышла книга Закаса «JavaScript для профессиональных веб-разработчиков»



Эта книга ориентирована на три группы читателей:
 — профессиональные разработчики, имеющие опыт объектно-ориентированного программирования и желающие изучить JavaScript в контексте традиционных объектно-ориентированных языков, таких как Java и C++;
- разработчики веб-приложений, которым нужно сделать свои веб-сайты и веб-приложения более удобными в использовании;
 — начинающие разработчики на JavaScript, желающие лучше понять этот язык.
"; ph_piter ;14  апреля  2015 в 12:28;https://habr.com/ru/company/piter/blog/255693/
